I,V,s,c2
234.5250,0.1861,0.0000,0.0000
235.2487,3.9029,2.7185,0.0000
235.7433,6.7902,5.4371,0.0000
236.0906,8.9396,8.1556,0.0000
236.3724,10.4495,10.8742,0.0000
236.6124,11.8461,13.5927,0.0000
236.8299,13.0793,16.3113,0.0000
237.0270,14.1425,19.0298,0.0000
237.2149,15.2197,21.7484,0.0000
237.3860,16.1528,24.4669,0.0097
237.5507,16.9700,27.1855,0.0100
237.7081,17.8505,29.9040,0.0108
237.8561,18.3967,32.6226,0.0119
238.0074,17.4321,35.3411,0.0148
238.1690,16.0922,38.0597,0.0188
238.3502,15.0409,40.7782,0.0251
238.5315,14.7069,43.4968,0.0354
238.7194,14.5627,46.2153,0.0489
238.9073,14.5457,48.9339,0.0562
239.0885,14.6573,51.6524,0.0494
239.2764,15.0139,54.3710,0.0261
239.4510,15.1267,57.0895,0.0000
239.6322,14.8034,59.8081,-0.0221
239.8201,14.3720,62.5266,-0.0336
240.0086,14.3422,65.2452,-0.0373
240.2026,13.9590,67.9637,-0.0439
240.3972,13.8320,70.6823,-0.0506
240.5984,13.6447,73.4008,-0.0592
240.7985,13.5476,76.1194,-0.0667
241.0009,12.9839,78.8379,-0.0767
241.2175,12.5642,81.5565,-0.0833
241.4350,12.1806,84.2750,-0.0910
241.6644,11.6097,86.9935,-0.1009
241.9062,10.9622,89.7121,-0.0809
242.1595,10.5547,92.4306,0.0000
242.4199,10.1957,95.1492,0.1066
242.7018,9.5696,97.8677,0.1340
242.9636,10.7848,100.5863,0.0789
243.2054,11.9827,103.3048,0.0544
243.4199,13.1180,106.0234,0.0452
243.6164,14.1416,108.7419,0.0377
243.8024,15.0890,111.4605,0.0277
243.9752,16.0677,114.1790,0.0157
244.1382,16.9614,116.8976,0.0000
244.2974,17.7368,119.6161,0.0000
244.4467,18.3778,122.3347,-0.0092
244.5966,17.7323,125.0532,-0.0156
244.7520,17.1123,127.7718,-0.0234
244.9177,16.3400,130.4903,-0.0333
245.0856,15.3220,133.2089,-0.0397
245.2735,14.4226,135.9274,-0.0275
245.4647,13.5155,138.6460,0.0000
245.6742,12.7977,141.3645,0.0625
245.8933,11.8838,144.0831,0.0930
246.1252,11.4475,146.8016,0.0585
246.3586,11.8198,149.5202,-0.0185
246.5921,11.8961,152.2387,-0.0734
246.8176,11.8668,154.9573,-0.0909
247.0431,12.6817,157.6758,-0.0698
247.2513,13.7168,160.3944,-0.0369
247.4392,14.8338,163.1129,0.0000
247.6138,15.7429,165.8315,0.0164
247.7850,16.3069,168.5500,0.0297
247.9496,16.7210,171.2685,0.0353
248.1071,17.2116,173.9871,0.0352
248.2625,17.6610,176.7056,0.0330
248.4178,17.8575,179.4242,0.0306
248.5732,17.2224,182.1427,0.0313
248.7342,16.2556,184.8613,0.0352
248.9103,15.2618,187.5798,0.0442
249.0916,14.4622,190.2984,0.0549
249.2864,13.6163,193.0169,0.0553
249.4958,12.4561,195.7355,0.0236
249.7213,12.0071,198.4540,-0.0424
249.9388,12.4554,201.1726,-0.0709
250.1563,12.7854,203.8911,-0.0621
250.3656,13.5925,206.6097,-0.0433
250.5593,14.3237,209.3282,-0.0366
250.7415,14.9326,212.0468,-0.0345
250.9227,15.1500,214.7653,-0.0324
251.1039,14.5013,217.4839,-0.0336
251.2985,13.8175,220.2024,-0.0432
251.4997,13.2263,222.9210,-0.0665
251.7122,12.6219,225.6395,-0.0907
251.9296,12.0091,228.3581,-0.0810
252.1627,11.6197,231.0766,0.0000
252.3945,11.5289,233.7952,0.0715
252.6301,11.6541,236.5137,0.1012
252.8582,11.8506,239.2323,0.0929
253.0811,12.3270,241.9508,0.0789
253.2963,13.3058,244.6694,0.0668
253.4920,13.9621,247.3879,0.0527
253.6854,14.7237,250.1065,0.0240
253.8636,15.3183,252.8250,0.0000
254.0361,15.7378,255.5435,-0.0332
254.2091,15.7193,258.2621,-0.0506
254.3837,15.4369,260.9806,-0.0604
254.5583,15.7087,263.6992,-0.0595
254.7317,16.0033,266.4177,-0.0535
254.9008,16.1550,269.1363,-0.0414
255.0653,16.5278,271.8548,-0.0200
255.2299,16.7915,274.5734,0.0000
255.3874,17.0729,277.2919,0.0245
255.5485,17.1916,280.0105,0.0378
255.7038,17.2673,282.7290,0.0443
255.8615,17.2421,285.4476,0.0470
256.0202,17.2260,288.1661,0.0465
256.1773,17.1825,290.8847,0.0418
256.3366,17.1673,293.6032,0.0302
256.4977,16.6120,296.3218,0.0127
256.6677,15.6388,299.0403,-0.0116
256.8489,14.0714,301.7589,-0.0430
257.0512,12.7404,304.4774,-0.0770
257.2767,12.2013,307.1960,-0.0951
257.5022,11.7789,309.9145,-0.1006
257.7383,11.1897,312.6331,-0.0822
257.9771,11.5821,315.3516,-0.0191
258.2026,12.3173,318.0702,0.0304
258.4121,13.3261,320.7887,0.0460
258.6122,14.2617,323.5073,0.0438
258.7963,15.1955,326.2258,0.0366
258.9691,16.0324,328.9444,0.0305
259.1320,16.9794,331.6629,0.0273
259.2897,17.6803,334.3815,0.0275
259.4417,18.4133,337.1000,0.0281
259.5859,18.9920,339.8185,0.0277
259.7269,19.4094,342.5371,0.0239
259.8653,19.5723,345.2556,0.0147
260.0047,19.6742,347.9742,0.0093
260.1552,19.0644,350.6927,0.0081
260.3115,18.4478,353.4113,0.0000
260.4404,17.4946,356.1298,0.0000
260.6028,16.5730,358.8484,0.0000
260.7782,15.9672,361.5669,-0.0097
260.9083,15.1351,364.2855,-0.0160
261.1258,14.0150,367.0040,-0.0232
261.3268,12.9221,369.7226,-0.0296
261.5443,12.3528,372.4411,-0.0184
261.7778,11.3473,375.1597,0.0355
262.0228,10.7057,377.8782,0.0931
262.2847,10.4360,380.5968,0.1209
262.5537,9.7614,383.3153,0.1436
262.8384,9.5403,386.0339,0.1335
263.1202,9.4807,388.7524,0.0646
263.4021,9.5306,391.4710,-0.0439
263.6940,9.4541,394.1895,-0.1272
263.9794,9.3989,396.9081,-0.1352
264.2677,9.7564,399.6266,-0.0581
264.5395,9.8252,402.3452,0.0379
264.8214,9.7155,405.0637,0.1125
265.1032,9.3335,407.7823,0.1458
265.4051,8.8029,410.5008,0.1604
265.7142,8.6602,413.2194,0.1483
266.0188,9.2782,415.9379,0.1043
266.2906,10.3283,418.6565,0.0756
266.5425,11.0410,421.3750,0.0604
266.7805,12.1797,424.0935,0.0436
266.9900,13.3201,426.8121,0.0363
267.1915,13.8855,429.5306,0.0378
267.3816,14.0856,432.2492,0.0431
267.5784,13.8462,434.9677,0.0494
267.7774,13.6266,437.6863,0.0531
267.9787,13.3788,440.4048,0.0605
268.1829,13.1431,443.1234,0.0726
268.3924,12.7379,445.8419,0.0769
268.6098,12.2729,448.5605,0.0484
268.8433,11.3589,451.2790,0.0000
269.1048,9.5562,453.9976,-0.1104
269.4166,8.4315,456.7161,-0.1679
269.7285,8.8825,459.4347,-0.1396
270.0303,9.4064,462.1532,-0.1134
270.2987,10.6842,464.8718,-0.0663
270.5340,12.0401,467.5903,0.0000
270.7497,13.3356,470.3089,0.0195
270.9468,14.2804,473.0274,0.0301
271.1281,15.1803,475.7460,0.0278
271.3001,16.1700,478.4645,0.0258
271.4639,17.0304,481.1831,0.0287
271.6222,17.7575,483.9016,0.0322
271.7719,18.2385,486.6202,0.0311
271.9169,18.5892,489.3387,0.0225
272.0629,18.8236,492.0573,0.0073
272.2088,18.7629,494.7758,-0.0105
272.3532,18.6944,497.4944,-0.0255
272.5029,18.2332,500.2129,-0.0356
272.6516,18.4624,502.9315,-0.0347
272.7964,18.6081,505.6500,-0.0269
272.9434,18.7575,508.3685,-0.0133
273.0844,18.8855,511.0871,0.0000
273.2303,18.7889,513.8056,0.0202
273.3762,18.6950,516.5242,0.0335
273.5221,18.5556,519.2427,0.0403
273.6681,18.5184,521.9613,0.0392
273.8153,18.7651,524.6798,0.0307
273.9592,19.1337,527.3984,0.0179
274.1008,19.5577,530.1169,0.0000
274.2368,19.7907,532.8355,-0.0107
274.3727,19.9411,535.5540,-0.0222
274.5086,19.8722,538.2726,-0.0305
274.6496,19.6981,540.9911,-0.0357
274.7855,19.6249,543.7097,-0.0367
274.9264,19.5536,546.4282,-0.0342
275.0623,19.6740,549.1468,-0.0275
275.2030,19.6713,551.8653,-0.0173
275.3392,19.2263,554.5839,0.0000
275.4851,18.1432,557.3024,0.0075
275.6405,16.8827,560.0210,0.0198
275.8076,15.9765,562.7395,0.0270
275.9822,15.2760,565.4581,0.0300
276.1634,14.2609,568.1766,0.0368
276.3647,12.9549,570.8952,0.0549
276.5901,11.8858,573.6137,0.0784
276.8282,10.8140,576.3323,0.0707
277.0891,10.3679,579.0508,0.0000
277.3465,10.6295,581.7694,-0.0946
277.6038,10.2198,584.4879,-0.1183
277.8756,10.2800,587.2065,-0.0590
278.1375,10.6359,589.9250,0.0310
278.3845,10.9450,592.6435,0.0945
278.6412,10.6074,595.3621,0.1109
278.8931,10.4817,598.0806,0.0439
279.1549,10.5195,600.7992,-0.0589
279.4144,10.7400,603.5177,-0.1090
279.6686,10.7510,606.2363,-0.0913
279.9134,11.1839,608.9548,0.0000
280.1523,11.8993,611.6734,0.0556
280.3804,12.1673,614.3919,0.0933
280.5978,12.3883,617.1105,0.0911
280.8153,12.8169,619.8290,0.0508
281.0215,13.4920,622.5476,0.0000
281.2161,14.1757,625.2661,-0.0340
281.4040,14.8489,627.9847,-0.0431
281.5823,15.5751,630.7032,-0.0382
281.7531,16.1133,633.4218,-0.0322
281.9159,16.6660,636.1403,-0.0286
282.0769,17.2988,638.8589,-0.0276
282.2323,17.6687,641.5774,-0.0280
282.3848,18.0186,644.2960,-0.0252
282.5315,18.5352,647.0145,-0.0170
282.6767,18.9414,649.7331,0.0000
282.8194,19.1377,652.4516,0.0082
282.9633,19.0690,655.1702,0.0211
283.1044,19.3798,657.8887,0.0296
283.2454,19.5806,660.6073,0.0338
283.3813,19.5179,663.3258,0.0336
283.5222,19.5776,666.0444,0.0285
283.6581,20.0326,668.7629,0.0205
283.7941,20.6173,671.4815,0.0140
283.9250,20.8222,674.2000,0.0116
