I,V,X,Y,A,s,c,c2,hhh
1563.247,11.3,10.759,73.309,301.7,18.038,0.033817545,-0.0315,0
1563.607,9.922,11.069,76.975,301.7,18.042,-0.270476036,0.0792,4.032258065
1564.047,8.325,13.139,80.501,301.7,18.046,0.108090894,0.0879,8.064516129
1564.527,7.953,13.304,84.195,301.7,18.05,0.20310931,-0.1549,12.09677419
1565.047,7.583,10.925,87.388,301.7,18.054,0.062418697,-0.1545,16.12903226
1565.567,8.536,7.283,89.193,301.675,18.058,0.039278638,-0.0735,20.16129032
1566.007,9.917,3.807,90.665,301.6,18.062,0.034841026,0,24.19354839
1566.407,10.936,-0.145,92.109,301.525,18.066,0.037234001,-0.0318,28.22580645
1566.767,11.703,-4.055,92.303,301.475,18.07,0.044969402,-0.0456,32.25806452
1567.087,12.044,-8.028,92.22,301.4,18.074,0.057824179,-0.0562,36.29032258
1567.407,12.389,-11.67,90.998,301.4,18.078,0.073335101,-0.0651,40.32258065
1567.727,12.675,-14.98,88.554,301.375,18.082,0.079042641,-0.0703,44.35483871
1568.047,12.761,-17.628,85.444,301.3,18.086,0.06718153,-0.0708,48.38709677
1568.367,13.4,-19.532,81.751,301.3,18.09,0.018070687,-0.0572,52.41935484
1568.647,14.011,-20.628,78.085,301.3,18.094,0.034701639,-0.043,56.4516129
1568.927,14.381,-21.27,74.226,301.3,18.098,0.037955028,-0.0311,60.48387097
1569.207,15.164,-21.436,70.31,301.3,18.102,-0.012706915,-0.0195,64.51612903
1569.447,15.661,-21.932,65.867,301.3,18.106,0.004979566,0,68.5483871
1569.727,16.239,-22.098,61.869,301.3,18.11,-0.005356365,0,72.58064516
1569.967,16.719,-22.243,57.898,301.3,18.114,-0.014995095,0.0103,76.61290323
1570.207,17.067,-22.677,53.871,301.375,18.118,-0.031795334,0.0175,80.64516129
1570.447,17.383,-23.318,50.317,301.4,18.122,-0.01170659,0.0202,84.67741935
1570.647,17.694,-24.725,46.29,301.4,18.126,-0.011553454,0.0186,88.70967742
1570.887,18.058,-25.987,42.542,301.4,18.13,-0.00335069,0.0127,92.74193548
1571.087,18.372,-27.581,39.32,301.375,18.134,0.009768066,0,96.77419355
1571.327,18.619,-29.029,35.46,301.3,18.138,0.014605841,-0.0099,100.8064516
1571.527,18.858,-30.125,31.434,301.3,18.142,0.012589941,-0.0188,104.8387097
1571.727,19.003,-30.892,27.547,301.3,18.146,0.011558566,-0.0206,108.8709677
1571.967,19.356,-31.699,23.631,301.3,18.151,0.013112808,-0.0156,112.9032258
1572.167,19.536,-32.195,19.438,301.325,18.154,0.012600752,-0.0074,116.9354839
1572.367,19.811,-32.629,15.551,301.4,18.158,0.007280006,0,120.9677419
1572.567,19.875,-32.774,11.663,301.4,18.162,-0.003039329,0,125
1572.767,20.131,-32.939,7.692,301.4,18.166,-0.012614628,0,129.0322581
1572.967,20.35,-33.602,3.666,301.4,18.17,-0.016245544,0,133.0645161
1573.167,20.617,-34.243,-0.444,301.4,18.174,0.001869343,0,137.0967742
1573.367,20.75,-34.844,-4.471,301.4,18.179,0.001057824,0,141.1290323
1573.527,20.906,-35.774,-8.275,301.475,18.182,0.0002182,0,145.1612903
1573.727,21.064,-36.084,-12.552,301.5,18.186,-0.000620039,0,149.1935484
1573.927,21.267,-36.747,-15.995,301.5,18.19,-0.001427701,0,153.2258065
1574.127,21.411,-37.843,-20.216,301.5,18.195,-0.002268463,0,157.2580645
1574.287,21.597,-38.981,-24.353,301.5,18.198,-0.003112164,0,161.2903226
1574.487,21.786,-39.292,-27.658,301.5,18.202,-0.003927146,0,165.3225806
1574.647,21.869,-40.368,-31.545,301.5,18.206,-0.01256355,0,169.3548387
1574.847,22.089,-41.63,-35.516,301.5,18.21,-0.011034209,0.005,173.3870968
1575.007,22.189,-42.892,-39.654,301.5,18.214,-0.00917581,0.007,177.4193548
1575.207,22.383,-44.174,-42.903,301.5,18.218,-0.007219635,0.0094,181.4516129
1575.367,22.461,-45.913,-46.874,301.5,18.222,-0.005187495,0.0103,185.483871
1575.567,22.608,-47.485,-50.428,301.5,18.226,-0.003072335,0.008,189.516129
1575.727,22.628,-49.223,-54.343,301.5,18.23,-0.00107885,0,193.5483871
1575.927,22.786,-50.961,-57.759,301.5,18.235,0.007169559,0,197.5806452
1576.087,22.825,-52.368,-61.341,301.425,18.238,0.012337617,-0.0108,201.6129032
1576.247,22.889,-53.63,-65.367,301.4,18.242,0.016339655,-0.0149,205.6451613
1576.447,23.011,-54.893,-69.199,301.4,18.246,0.018411347,-0.0166,209.6774194
1576.607,23.014,-55.534,-73.087,301.475,18.25,0.018583371,-0.0177,213.7096774
1576.807,23.108,-56.03,-77.419,301.5,18.255,0.017332311,-0.0177,217.7419355
1576.967,23.136,-56.196,-80.945,301.5,18.258,0.015468638,-0.0192,221.7741935
1577.127,23.067,-56.196,-84.639,301.5,18.262,0.013385195,-0.021,225.8064516
1577.327,23.106,-56.03,-89.082,301.5,18.267,0.011477672,-0.0212,229.8387097
1577.487,23.083,-55.534,-93.109,301.5,18.27,0.017357226,-0.0176,233.8709677
1577.647,23.214,-54.893,-96.635,301.5,18.274,0.038688407,-0.0093,237.9032258
1577.807,23.342,-53.63,-100.967,301.5,18.278,-0.011091852,0,241.9354839
1578.007,23.033,-52.823,-104.66,301.5,18.282,-0.041115988,0.0105,245.9677419
1578.167,22.581,-52.389,-108.52,301.5,18.286,-0.016765578,0.017,250
1578.367,22.017,-52.389,-112.63,301.5,18.291,-0.00823022,0.0211,254.0322581
1578.527,21.483,-52.389,-116.962,301.525,18.294,-0.030618901,0.0238,258.0645161
1578.727,21.378,-52.989,-120.572,301.6,18.298,-0.029837958,0.0254,262.0967742
1578.927,21.219,-54.271,-124.598,301.6,18.303,-0.027704715,0.0265,266.1290323
1579.087,21.192,-55.534,-128.291,301.6,18.306,-0.024740633,0.0267,270.1612903
1579.287,21,-56.941,-131.706,301.6,18.31,-0.021198595,0.0254,274.1935484
1579.487,21.197,-58.989,-135.4,301.6,18.314,-0.017837985,0.021,278.2258065
1579.687,21.269,-61.679,-138.593,301.6,18.319,-0.014326733,0.0148,282.2580645
1579.847,20.822,-63.727,-141.731,301.575,18.322,-0.010568275,0.009,286.2903226
1580.047,19.411,-66.107,-144.813,301.5,18.326,-0.006380545,0,290.3225806
1580.247,17.839,-68.465,-147.868,301.5,18.33,-6.67E-05,0,294.3548387
1580.487,16.075,-71.011,-151.173,301.5,18.334,0.012656957,0,298.3870968
1580.767,13.808,-73.225,-154.533,301.5,18.338,0.059155844,-0.0358,302.4193548
1581.087,12.403,-74.632,-158.392,301.5,18.342,0.062558417,-0.0824,306.4516129
1581.407,10.853,-74.777,-162.28,301.5,18.346,0.044818784,-0.0483,310.483871
1581.807,10.703,-75.232,-166.195,301.5,18.35,-0.096817441,0.0822,314.516129
1582.167,10.739,-77.466,-169.833,301.5,18.354,-0.074509751,0.0786,318.5483871
1582.527,10.894,-79.514,-172.915,301.5,18.358,0.039628056,-0.0411,322.5806452
1582.887,11.058,-80.611,-176.609,301.5,18.362,0.085204443,-0.1004,326.6129032
1583.247,11.244,-80.777,-180.719,301.5,18.366,-0.006464757,-0.0306,330.6451613
1583.607,11.439,-81.418,-184.467,301.5,18.37,-0.077303902,0.0735,334.6774194
1583.967,11.689,-82.99,-187.827,301.5,18.374,-0.059302722,0.0793,338.7096774
1584.287,12.014,-85.391,-191.02,301.5,18.378,-0.00198679,0,342.7419355
1584.607,12.911,-87.584,-194.492,301.475,18.382,0.053563216,-0.0388,346.7741935
1584.927,13.667,-88.991,-198.518,301.4,18.386,0.029899548,-0.0339,350.8064516
1585.207,14.236,-90.273,-202.378,301.4,18.39,0.007853625,-0.0261,354.8387097
1585.487,14.972,-91.37,-206.043,301.4,18.394,0.020460724,-0.0296,358.8709677
1585.767,15.392,-91.536,-210.153,301.4,18.398,0.045165127,-0.0371,362.9032258
1586.007,15.878,-91.37,-214.124,301.4,18.402,0.049251823,-0.0409,366.9354839
1586.247,16.086,-90.273,-217.817,301.425,18.406,0.028941691,-0.0351,370.9677419
1586.487,16.506,-88.991,-221.483,301.5,18.41,0.003660824,-0.0155,375
1586.727,16.961,-87.729,-225.453,301.5,18.414,-0.006010255,0.0108,379.0322581
1586.967,17.436,-86.632,-229.702,301.5,18.418,-0.016649715,0.0276,383.0645161
1587.207,17.7,-85.99,-233.701,301.5,18.422,-0.027485427,0.0298,387.0967742
1587.407,17.917,-85.825,-237.255,301.5,18.426,-0.036670281,0.0207,391.1290323
1587.647,18.222,-85.825,-241.448,301.5,18.43,-0.000611071,0.0104,395.1612903
1587.847,18.442,-86.322,-245.364,301.575,18.434,-0.002704297,0,399.1935484
1588.087,18.858,-86.632,-249.251,301.6,18.438,-0.004571623,0.008,403.2258065
1588.287,19.061,-87.232,-253.5,301.6,18.442,-0.006636731,0.01,407.2580645
1588.487,19.425,-87.895,-257.138,301.525,18.446,-0.009361706,0.0097,411.2903226
1588.687,19.617,-88.536,-261.136,301.5,18.45,-0.013649701,0.007,415.3225806
1588.927,19.942,-89.632,-265.357,301.5,18.455,0.006355957,0,419.3548387
1589.127,20.122,-90.439,-269.245,301.475,18.459,0.002430817,0,423.3870968
1589.327,20.306,-91.37,-272.993,301.4,18.463,-0.00124664,0,427.4193548
1589.487,20.564,-92.136,-276.798,301.4,18.466,-0.005710246,0,431.4516129
1589.687,20.767,-93.419,-280.714,301.4,18.47,-0.012760369,0,435.483871
1589.887,20.958,-94.681,-284.573,301.4,18.474,0.023504962,0,439.516129
1590.087,21.161,-95.488,-288.794,301.4,18.478,0.028216691,0,443.5483871
1590.287,20.842,-96.087,-292.682,301.4,18.483,-0.00216827,0,447.5806452
1590.487,19.217,-97.185,-296.43,301.4,18.487,-0.0046132,0,451.6129032
1590.687,17.683,-98.322,-300.457,301.4,18.49,0.016062265,0,455.6451613
1590.927,15.875,-98.633,-304.15,301.4,18.494,0.077641782,0,459.6774194
1591.167,14.236,-100.205,-307.677,301.4,18.498,-0.038970693,0.0271,463.7096774
1591.487,12.764,-101.778,-311.453,301.4,18.502,-0.031203812,0.0593,467.7419355
1591.807,11.986,-104.612,-314.091,301.4,18.506,-0.305687782,0.0883,471.7741935
1592.127,11.583,-108.088,-315.674,301.375,18.51,-0.085843682,0.0893,475.8064516
1592.487,11.478,-112.04,-316.563,301.3,18.514,-0.040951637,0.0211,479.8387097
1592.847,11.611,-116.116,-317.479,301.3,18.518,0.03007886,-0.0584,483.8709677
1593.167,11.95,-119.427,-319.367,301.275,18.522,0.063978837,-0.074,487.9032258
1593.487,12.369,-122.137,-322.255,301.275,18.526,0.07850236,-0.0644,491.9354839
1593.807,12.858,-124.372,-325.56,301.3,18.53,0.066493064,-0.0587,495.9677419
1594.127,13.364,-125.613,-329.558,301.3,18.534,0.02855204,-0.0385,500
1594.407,13.833,-126.71,-333.446,301.3,18.538,0.028258139,-0.0204,504.0322581
1594.727,12.667,-127.372,-337.528,301.3,18.542,0.034430226,-0.0302,508.0645161
1595.087,10.514,-126.875,-341.221,301.3,18.546,0.067183366,-0.0971,512.0967742
1595.447,9.689,-124.806,-344.248,301.3,18.55,0.060730965,-0.1576,516.1290323
1595.887,8.747,-121.02,-345.886,301.3,18.554,0.198863127,-0.13,520.1612903
1596.407,8.814,-117.565,-344.914,301.325,18.558,0.169676362,-0.1367,524.1935484
1596.807,8.967,-114.089,-342.471,301.4,18.562,-0.000258513,0,528.2258065
1597.287,9.986,-108.751,-340.666,301.425,18.567,-0.062076461,0.0316,532.2580645
1597.927,10.3,-103.081,-341.777,301.5,18.573,-0.078646478,0,536.2903226
1598.287,10.542,-101.488,-341.999,301.5,18.577,-0.017298095,0,540.3225806
1598.487,10.578,-98.922,-341.777,301.575,18.579,0.086484099,-0.0741,544.3548387
1598.767,10.481,-95.467,-340.027,301.6,18.582,0.141731345,-0.1286,548.3870968
1599.167,10.058,-92.922,-336.778,301.675,18.586,0.094378277,-0.1297,552.4193548
1599.567,10.064,-92.115,-333.03,301.7,18.59,0.068472795,-0.0614,556.4516129
1599.927,11.044,-91.97,-328.892,301.7,18.594,-0.037768201,0.0468,560.483871
1600.287,11.989,-90.729,-325.115,301.7,18.598,-0.127704887,0.0851,564.516129
1600.607,12.419,-88.37,-322.366,301.7,18.602,-0.029011394,0.0565,568.5483871
1600.927,13.025,-85.37,-319.2,301.7,18.606,0.005984135,0,572.5806452
1601.247,13.753,-82.825,-316.118,301.775,18.61,0.03000385,-0.0397,576.6129032
1601.527,14.303,-80.777,-312.925,301.8,18.614,0.022208178,-0.0349,580.6451613
1601.807,14.814,-79.038,-309.232,301.8,18.618,0.018818308,-0.0206,584.6774194
1602.047,15.422,-77.777,-304.9,301.8,18.622,0.017808199,-0.0125,588.7096774
1602.327,15.883,-76.369,-301.262,301.8,18.626,0.018733847,-0.0148,592.7419355
1602.567,16.269,-75.232,-297.569,301.8,18.63,0.022144255,-0.027,596.7741935
1602.807,16.417,-75.066,-293.681,301.8,18.634,0.029765071,-0.0416,600.8064516
1603.047,16.044,-75.562,-289.711,301.725,18.638,0.066151544,-0.0472,604.8387097
1603.287,15.683,-76.825,-285.684,301.675,18.642,0.029175056,-0.0325,608.8709677
1603.567,15.439,-78.273,-282.213,301.6,18.646,-0.007792102,0,612.9032258
1603.807,14.8,-79.37,-278.353,301.6,18.65,-0.038834525,0.0401,616.9354839
1604.087,14.072,-79.535,-274.132,301.6,18.654,-0.060277723,0.0724,620.9677419
1604.407,13.542,-79.038,-270.356,301.6,18.658,-0.060661357,0.0841,625
1604.687,13.197,-77.466,-266.94,301.6,18.662,-0.057794746,0.0556,629.0322581
1605.007,13.375,-74.921,-263.58,301.625,18.666,-0.044659513,0,633.0645161
1605.287,13.844,-72.728,-260.165,301.7,18.67,0.020494752,-0.0315,637.0967742
1605.567,14.339,-70.824,-256.471,301.725,18.674,0.054131912,-0.0444,641.1290323
1605.847,14.678,-69.872,-252.889,301.8,18.678,0.042758958,-0.0365,645.1612903
1606.127,15.211,-68.941,-249.029,301.8,18.682,0.027421943,-0.0237,649.1935484
1606.367,15.711,-68.776,-245.142,301.8,18.686,0.0118574,-0.0154,653.2258065
1606.647,16.261,-68.776,-240.699,301.8,18.691,0.012558535,0,657.2580645
1606.887,16.694,-68.776,-236.478,301.775,18.694,0.007021185,0,661.2903226
1607.127,17.178,-68.776,-232.451,301.7,18.698,-0.004860631,0,665.3225806
1607.327,17.525,-68.631,-229.147,301.7,18.702,-0.012823703,0.0082,669.3548387
1607.567,17.861,-68.197,-224.704,301.7,18.706,-0.013219677,0.0081,673.3870968
1607.807,18.322,-67.7,-220.872,301.7,18.71,-0.010736299,0.0077,677.4193548
1608.007,18.622,-67.038,-216.734,301.7,18.714,-0.003450544,0,681.4516129
1608.207,18.933,-66.272,-212.819,301.7,18.718,-0.003035759,0,685.483871
1608.447,19.208,-65.631,-209.043,301.7,18.723,-0.002879256,0,689.516129
1608.647,19.436,-64.99,-205.294,301.7,18.726,-0.002900432,0,693.5483871
1608.847,19.672,-64.223,-201.267,301.7,18.73,-0.003065437,0,697.5806452
1609.047,19.969,-63.086,-197.38,301.7,18.734,-0.003359351,0,701.6129032
1609.247,20.164,-62.32,-193.52,301.7,18.738,-0.00385148,0,705.6451613
1609.447,20.394,-61.224,-189.604,301.7,18.742,-0.004595982,0.0066,709.6774194
1609.647,20.656,-59.941,-185.495,301.7,18.746,-0.005716156,0.008,713.7096774
1609.847,20.997,-58.845,-181.801,301.7,18.751,-0.007563648,0.0086,717.7419355
1610.007,21.061,-57.582,-178.053,301.7,18.754,-0.010826116,0.0085,721.7741935
1610.207,21.222,-56.175,-174.498,301.7,18.758,-0.008677086,0.0084,725.8064516
1610.407,21.394,-54.727,-170.75,301.7,18.762,-0.006958504,0.0077,729.8387097
1610.567,21.536,-52.699,-167.056,301.675,18.766,-0.005237144,0.0058,733.8709677
1610.767,21.214,-51.127,-163.28,301.65,18.77,-0.003290215,0,737.9032258
1610.967,20.008,-49.223,-159.975,301.6,18.774,-0.000847535,0,741.9354839
1611.167,18.778,-47.485,-156.282,301.6,18.778,0.002805525,0,745.9677419
1611.407,17.089,-46.078,-152.422,301.6,18.782,0.009252444,-0.0158,750
1611.647,15.797,-44.796,-148.729,301.6,18.786,0.024453686,-0.032,754.0322581
1611.887,14.561,-43.699,-145.035,301.6,18.79,0.034516155,-0.0426,758.0645161
1612.167,13.364,-43.533,-141.176,301.6,18.794,0.01508648,0,762.0967742
1612.487,12.617,-42.892,-137.288,301.6,18.798,-0.021880371,0.0681,766.1290323
1612.807,12.433,-41.485,-133.484,301.625,18.802,-0.061057444,0.0699,770.1612903
1613.127,12.083,-39.126,-130.29,301.7,18.806,-0.036940255,0,774.1935484
1613.487,11.881,-37.223,-126.708,301.7,18.81,0.038015923,-0.0747,778.2258065
1613.807,12.083,-36.084,-122.96,301.7,18.814,0.051669571,-0.0634,782.2580645
1614.127,12.231,-35.919,-119.183,301.65,18.818,0.041113264,0,786.2903226
1614.447,12.8,-35.774,-115.184,301.7,18.822,-0.024645873,0.0594,790.3225806
1614.767,13.433,-34.243,-111.158,301.7,18.826,-0.047278814,0.0382,794.3548387
1615.047,13.742,-32.629,-107.742,301.7,18.83,-0.022616519,0,798.3870968
1615.367,14.442,-30.436,-104.16,301.725,18.834,0.003139789,-0.0143,802.4193548
1615.607,15.006,-29.029,-100.078,301.8,18.838,0.013658552,-0.0199,806.4516129
1615.887,15.469,-27.747,-96.635,301.8,18.842,0.022523709,-0.0255,810.483871
1616.127,14.828,-26.649,-92.831,301.8,18.846,0.032460841,-0.0337,814.516129
1616.407,13.861,-26.484,-88.526,301.725,18.85,0.043342809,-0.0468,818.5483871
1616.727,13.264,-27.125,-84.417,301.7,18.854,0.045212028,-0.0767,822.5806452
1617.047,12.219,-29.029,-81.057,301.7,18.858,0.084632573,-0.1045,826.6129032
1617.367,11.389,-31.698,-78.502,301.7,18.862,0.094763254,-0.0514,830.6451613
1617.727,11.061,-35.009,-76.28,301.675,18.866,0.01014302,0.0766,834.6774194
1618.087,11.006,-37.057,-72.976,301.6,18.87,-0.074264905,0.1112,838.7096774
1618.447,10.869,-37.823,-68.866,301.6,18.874,-0.114157688,0.0837,842.7419355
1618.807,11.458,-37.513,-65.201,301.6,18.878,-0.072807917,0.0652,846.7741935
1619.167,12.086,-35.774,-61.452,301.6,18.882,-0.056012052,0.0598,850.8064516
1619.487,12.714,-33.436,-58.064,301.6,18.886,-0.058364732,0.0614,854.8387097
1619.807,13.339,-30.747,-55.398,301.6,18.89,-0.087114119,0.0388,858.8709677
1620.087,13.828,-27.291,-53.288,301.675,18.894,-0.012265188,0,862.9032258
1620.367,14.592,-24.084,-51.066,301.725,18.898,0.010043938,-0.0317,866.9354839
1620.647,14.95,-21.27,-48.206,301.8,18.902,0.023560895,-0.0418,870.9677419
1620.887,15.247,-18.725,-44.902,301.8,18.906,0.03697396,-0.0437,875
1621.167,15.564,-16.697,-41.542,301.8,18.91,0.049865691,-0.0413,879.0322581
1621.407,15.883,-15.746,-37.765,301.8,18.914,0.057817264,-0.0402,883.0645161
1621.687,16.397,-14.98,-33.461,301.8,18.919,0.026773686,-0.0409,887.0967742
1621.927,16.55,-14.98,-29.324,301.8,18.922,0.028442857,-0.0296,891.1290323
1622.167,16.756,-15.291,-25.547,301.8,18.926,0.022141954,0,895.1612903
1622.407,15.889,-15.725,-21.743,301.775,18.93,0.001664037,0.029,899.1935484
1622.647,14.939,-15.58,-17.772,301.75,18.934,-0.032117732,0.0643,903.2258065
1622.927,13.297,-14.339,-13.995,301.7,18.938,-0.058103779,0.0711,907.2580645
1623.247,12.006,-12.435,-10.58,301.7,18.942,-0.06664672,0,911.2903226
1623.607,11.419,-10.242,-6.998,301.775,18.946,-0.016570858,-0.1001,915.3225806
1623.967,10.956,-9.601,-2.999,301.775,18.95,0.124126518,-0.0575,919.3548387
1624.327,10.719,-10.097,0.917,301.7,18.954,0.071720989,0.0778,923.3870968
1624.687,10.833,-9.435,4.554,301.775,18.958,-0.109883622,0.0841,927.4193548
1625.047,11.439,-7.531,8.247,301.8,18.962,-0.072433945,0.021,931.4516129
1625.407,12.356,-5.028,11.441,301.8,18.966,-0.061653767,-0.0231,935.483871
1625.727,13.239,-3.124,14.884,301.8,18.97,0.037360852,-0.0308,939.516129
1626.007,13.956,-1.842,18.855,301.8,18.974,0.04328804,-0.0262,943.5483871
1626.287,14.522,-0.6,22.215,301.8,18.978,0.028319432,-0.0321,947.5806452
1626.567,15.056,0,26.325,301.8,18.982,0.028585081,-0.0391,951.6129032
1626.807,15.339,0,30.518,301.8,18.986,0.025703275,-0.0264,955.6451613
1627.087,15.117,-0.145,34.544,301.8,18.99,0.015906808,0,959.6774194
1627.367,15.008,-0.145,38.543,301.8,18.994,0.000452544,0.0399,963.7096774
1627.607,15.158,0,42.542,301.725,18.998,-0.015857769,0.049,967.7419355
1627.887,15.214,1.138,46.179,301.7,19.002,-0.092353535,0.0454,971.7741935
1628.127,15.344,3.042,49.873,301.7,19.006,-0.052931288,0.0272,975.8064516
1628.407,15.592,5.069,53.066,301.7,19.01,-0.021327817,0,979.8387097
1628.647,15.197,7.469,56.537,301.7,19.014,0.000123925,-0.0201,983.8709677
1628.927,14.478,9.373,59.73,301.7,19.018,0.022388801,-0.0389,987.9032258
1629.207,13.15,10.325,63.535,301.7,19.022,0.054422564,-0.0569,991.9354839
1629.527,11.639,10.759,67.645,301.7,19.026,0.004359341,-0.0465,995.9677419
1629.887,10.397,10.759,71.504,301.775,19.03,0.026816166,0,1000
