12.891667366027832,7.276389122009277,15.934170722961426,7.25791072845459,23.593854904174805,13.894752502441406,26.636381149291992,13.876274108886719
26.636381149291992,13.876274108886719,29.678884506225586,13.857795715332031,37.701866149902344,8.56640338897705,40.74439239501953,8.54792594909668
40.74439239501953,8.54792594909668,43.786895751953125,8.529448509216309,52.61129379272461,13.673776626586914,55.1572151184082,13.65831470489502
55.1572151184082,13.65831470489502,57.70310592651367,13.642852783203125,64.9967269897461,13.692694664001465,68.02466583251953,13.710299491882324
68.02466583251953,13.710299491882324,71.05255889892578,13.727904319763184,80.56005096435547,13.822368621826172,82.38631439208984,13.811277389526367
82.38631439208984,13.811277389526367,84.2125473022461,13.800186157226562,92.28082275390625,13.804068565368652,98.66998291015625,13.765266418457031
98.66998291015625,13.765266418457031,105.05906677246094,13.72646427154541,112.42198181152344,7.264732360839844,118.8111343383789,7.225930213928223
118.8111343383789,7.225930213928223,125.2002182006836,7.18712854385376,136.870361328125,20.512863159179688,143.74571228027344,20.47110939025879
143.74571228027344,20.47110939025879,150.62098693847656,20.42935562133789,163.25091552734375,9.696677207946777,168.51210021972656,9.664725303649902
168.51210021972656,9.664725303649902,173.77322387695312,9.632773399353027,175.88072204589844,10.732211112976074,178.56161499023438,10.715929985046387
178.56161499023438,10.715929985046387,181.2424774169922,10.6996488571167,182.36314392089844,9.12036418914795,185.04403686523438,9.104083061218262
185.04403686523438,9.104083061218262,187.7248992919922,9.087801933288574,189.47628784179688,10.521970748901367,192.1571807861328,10.50568962097168
192.1571807861328,10.50568962097168,194.83804321289062,10.489408493041992,198.45225524902344,7.865983009338379,203.005615234375,8.823760986328125
203.005615234375,8.823760986328125,207.55892944335938,9.781529426574707,210.43064880371094,11.589395523071289,212.63465881347656,14.7105073928833
212.63465881347656,14.7105073928833,214.83865356445312,17.83159828186035,216.55001831054688,17.312759399414062,221.21249389648438,17.485685348510742
221.21249389648438,17.485685348510742,225.87493896484375,17.65860939025879,226.34567260742188,18.922439575195312,232.5655059814453,18.999422073364258
232.5655059814453,18.999422073364258,238.78529357910156,19.076404571533203,250.6663360595703,18.87198257446289,256.88616943359375,18.948965072631836
256.88616943359375,18.948965072631836,263.10595703125,19.02594757080078,265.1079406738281,18.049304962158203,268.491455078125,18.091182708740234
268.491455078125,18.091182708740234,271.8749694824219,18.133060455322266,273.4448547363281,10.489511489868164,275.8919372558594,8.588297843933105
275.8919372558594,8.588297843933105,278.3390197753906,6.687084197998047,291.713623046875,7.863272666931152,294.4351806640625,9.345165252685547
294.4351806640625,9.345165252685547,297.15673828125,10.827057838439941,294.13958740234375,15.271041870117188,290.98724365234375,17.46046257019043
290.98724365234375,17.46046257019043,287.83489990234375,19.649883270263672,288.4269104003906,21.84454345703125,289.13714599609375,24.86094093322754
289.13714599609375,24.86094093322754,289.8473815917969,27.877315521240234,286.15997314453125,28.08979606628418,282.0898742675781,28.771421432495117
282.0898742675781,28.771421432495117,278.01983642578125,29.45303726196289,269.6262512207031,33.75968551635742,260.8975830078125,33.716285705566406
260.8975830078125,33.716285705566406,252.16908264160156,33.67288589477539,246.3871307373047,27.326562881469727,242.68234252929688,27.308141708374023
242.68234252929688,27.308141708374023,238.9775848388672,27.28972053527832,233.11672973632812,31.968679428100586,229.4119415283203,31.950258255004883
229.4119415283203,31.950258255004883,225.70718383789062,31.93183708190918,225.85081481933594,30.15220069885254,222.14602661132812,30.133779525756836
222.14602661132812,30.133779525756836,218.44126892089844,30.115358352661133,213.28683471679688,29.798995971679688,209.58204650878906,29.780574798583984
209.58204650878906,29.780574798583984,205.87728881835938,29.76215362548828,199.42103576660156,28.890756607055664,195.71624755859375,28.87233543395996
195.71624755859375,28.87233543395996,192.01148986816406,28.853914260864258,184.117431640625,28.978696823120117,177.94837951660156,28.948022842407227
177.94837951660156,28.948022842407227,171.77938842773438,28.917348861694336,169.71780395507812,29.86629295349121,166.3646240234375,29.79705810546875
166.3646240234375,29.79705810546875,163.01145935058594,29.72782325744629,162.16525268554688,29.66826820373535,160.0614471435547,29.62483024597168
160.0614471435547,29.62483024597168,157.95765686035156,29.581392288208008,156.99440002441406,31.93938636779785,154.89059448242188,31.89594841003418
154.89059448242188,31.89594841003418,152.78680419921875,31.852510452270508,151.25576782226562,30.31715965270996,149.15196228027344,30.27372169494629
149.15196228027344,30.27372169494629,147.0481719970703,30.230283737182617,145.47415161132812,32.384525299072266,143.37034606933594,32.341087341308594
143.37034606933594,32.341087341308594,141.2665557861328,32.29764938354492,140.76756286621094,31.662845611572266,138.49977111816406,31.14972686767578
138.49977111816406,31.14972686767578,136.23199462890625,30.636611938476562,119.70258331298828,32.588050842285156,115.23412322998047,32.495792388916016
115.23412322998047,32.495792388916016,110.76566314697266,32.403533935546875,111.46788024902344,23.99005126953125,106.99942016601562,23.897794723510742
106.99942016601562,23.897794723510742,102.53096008300781,23.805538177490234,105.89734649658203,23.929502487182617,101.42888641357422,23.83724594116211
101.42888641357422,23.83724594116211,96.9604263305664,23.7449893951416,94.3810043334961,29.65282440185547,92.03227996826172,30.868606567382812
92.03227996826172,30.868606567382812,89.68355560302734,32.084388732910156,84.97893524169922,30.860031127929688,82.1136703491211,30.61876678466797
82.1136703491211,30.61876678466797,79.24840545654297,30.37750244140625,72.80445861816406,30.277801513671875,70.30655670166016,30.255470275878906
70.30655670166016,30.255470275878906,67.80866241455078,30.233139038085938,65.7807388305664,28.15857696533203,63.282840728759766,28.136245727539062
63.282840728759766,28.136245727539062,60.784942626953125,28.113914489746094,59.24142074584961,29.67230987548828,56.7435188293457,29.649978637695312
56.7435188293457,29.649978637695312,54.24562072753906,29.627647399902344,52.909793853759766,27.971208572387695,51.05188751220703,27.954599380493164
51.05188751220703,27.954599380493164,49.19398498535156,27.937990188598633,44.8505744934082,32.2110595703125,42.99266815185547,32.19445037841797
42.99266815185547,32.19445037841797,41.134765625,32.17784118652344,34.36070251464844,27.316604614257812,31.254241943359375,27.288837432861328
31.254241943359375,27.288837432861328,28.147789001464844,27.261070251464844,23.813634872436523,33.203338623046875,20.707176208496094,33.17557144165039
20.707176208496094,33.17557144165039,17.600723266601562,33.147804260253906,13.82565689086914,27.38928985595703,11.99621295928955,27.372934341430664
11.99621295928955,27.372934341430664,10.166772842407227,27.356578826904297,5.318035125732422,31.05769157409668,3.502495765686035,31.28340721130371
3.502495765686035,31.28340721130371,1.6869601011276245,31.509122848510742,-0.019144892692565918,29.82919692993164,-0.2818339467048645,27.49907684326172
-0.2818339467048645,27.49907684326172,-0.5445230007171631,25.168956756591797,-0.2818339467048645,18.83755111694336,-0.2818339467048645,15.179747581481934
-0.2818339467048645,15.179747581481934,-0.2818339467048645,11.521946907043457,9.849141120910645,7.294867515563965,12.891667366027832,7.276389122009277